31521;Vianello Luigi Gas;45.7693460;13.6467583;;;Vega Carburanti S.P.A.
6986;IP;46.1706773;13.2061457;;;Jetrent S.R.L.
6871;Total;45.9300940;12.6447240;;;Welna S.N.C. di Natale Santarossa & C.
49589;Agip;45.9376065;13.6166629;;;Diana Massimiliano
30071;Eni;45.9343770;13.5259544;;;Scolaris Vini - Società a Responsabilità Limitata Detta Altrimenti Cantina Borgo Boschetto, Cantina San Lorenzo, Villa Folini, Bosco Del Tiglio, Cantina Le Magnolie Oppure Ma.Sco.
25804;Agip;45.8083860;13.4428020;;;Area Pieris di Ponzalli Roberto & Sellan Matteo S.N.C.
14823;Eni;45.8403241;13.4934855;;;Ricciardi Antonio
19689;Agip;45.8054850;13.5091920;;;Bernardi di Bernardi G. & C. S.N.C.
50484;Agip;45.9279270;13.6132190;;;04130
22395;Esso;45.8021772;13.5472621;;;Bm Servizi S.A.S. di Tacchetto Bryan e Brienza Michele
16668;Agip;45.9346690;13.6010740;;;Area 4133 S.N.C. di Sabrina Ponzalli e Paolo Macuz
23721;;45.9588317;13.4638003;;;San Marco Petroli Distribuzione S.R.L.
25251;Agip;45.9366383;12.6487104;;;Basso Antonio
4569;Agip;45.9759231;12.6883812;;;Fratelli Favaro S.N.C. di Favaro Claudio e Favaro Marco
3569;Agip;45.8825009;13.2582886;;;Buldo Orlando
21064;Agip;45.9091920;12.5430560;;;Hoxha Bledar
13135;Agip;46.1605480;12.6858900;;;Del Mistro Giannina In Cristofoli
17047;IP;46.1659480;12.7089930;;;F.lli Pontello Srl
22957;Tamoil;46.1711200;12.7124580;;;Butto' Maurizio & C. S.A.S.
30256;Agip;46.1584008;12.7196619;;;Mazzoli Stefano
17054;Agip;46.1853970;12.7665580;;;F.lli Pontello Srl
7481;Esso;45.9638050;12.6503506;;;Tesolin Fabio
39250;Agip;46.1165431;12.8904309;;;Servizi Innovativi Nord Est S.R.L.
34623;Fly;46.1591415;12.8870272;;;Liva Snc di Liva Federico & C.
7267;Q8easy;46.0897890;13.1448520;;;Servizi & Gestioni Italia S.R.L.
26915;Eni;46.0855850;12.9563570;;;Gaspardo Silvano & Serafini S.N.C.
8420;Eni;46.1517115;12.6614450;;;Chiaranda Walter
33385;Total;45.9423964;12.5620561;;;Duino Nord S.A.S di Sacilotto Laura & C.
32589;Total;45.9407576;12.5606352;;;Duino Nord S.A.S di Sacilotto Laura & C.
10193;Esso;46.1525380;13.0089230;;;Ornella Michele
4238;Eni;46.1488240;12.9889640;;;Enicafè & Shop di Morosop. & C S.A.S.
35819;IP;46.1210521;13.0008388;;;Singh Manjit
12383;Q8;46.1118909;13.0310080;;;D'Angelo Ivan
21433;Ip;45.9501650;13.4752040;;;Zorgniotti & Piu di Zorgniotti Oscar & C. S.A.S.
26366;Tamoil;45.9529400;13.4363010;;;Autoservice 2000 di Cara Stefano & C. S.N.C.
46189;Esso;45.6817891;13.4047546;;;Geff S.R.L.
51809;Agip;46.2035220;13.1204010;;;Eni Fuel S.P.A.
11611;Q8;45.9567353;13.4662431;;;Servizi & Gestioni Italia S.R.L.
43452;Repsol;45.9345980;13.6131230;;;Pierre Rifornimenti di Ponzalli Roberto
11610;Q8;45.9344680;13.6069700;;;Servizi & Gestioni Italia S.R.L.
11608;Q8;45.8860765;13.4962677;;;Servizi & Gestioni Italia S.R.L.
11606;Q8;45.8060980;13.5386540;;;Servizi & Gestioni Italia S.R.L.
12853;Eni;45.6098376;13.7504454;;;Giani Millo
11893;Servizi & Gestioni Italia S.R.L.;45.6418668;13.7572332;;;Servizi & Gestioni Italia S.R.L.
18807;Stazione di servizio Eni;45.6397633;13.7772089;;;Matcovich Alessandro
14884;Q8;46.3726235;13.0648358;;;Area di Servizio Shell di Marta Ivan & C. S.A.S.
53730;Retitalia;46.4152831;12.7967519;;;Leonardo Frare
30937;Total;46.2029170;13.1177990;;;P&C Società a Responsabilità Limitata Semplificata
48900;IP;46.0322340;13.2170950;;;Singh Inder Deep
11915;Q8 Easy;45.8086001;13.3567055;;;Servizi & Gestioni Italia S.R.L.
16412;TotalErg;45.9504040;12.9732660;;;B. & B. di Brun Gianfranco e Stefano S.A.S.
11905;Q8;46.2632379;13.1079200;;;Servizi & Gestioni Italia S.R.L.
47972;IP;46.1737830;13.0669660;;;Fera Giuseppe & Mauro Ilenia S.N.C.
10977;;45.9887044;13.3760320;;;Maurizio Mauri
16952;TotalErg;45.9418400;13.1678220;;;Pascut Gabriele
16630;Eni;46.1947289;13.2569283;;;Meneghin Federico e C. S.N.C.
52553;Agip Eni;46.0930140;13.1919520;;;Muharremi Altin
11907;;46.0433840;13.1926970;;;Servizi & Gestioni Italia S.R.L.
47943;Eni;45.9675057;13.3981864;;;
41414;Total;46.1071050;13.2202650;;;Talarico Monica
11911;Q8;46.1012200;13.2301410;;;Servizi & Gestioni Italia S.R.L.
11909;Q8;46.4027055;13.0175193;;;Servizi & Gestioni Italia S.R.L.
44550;;46.0746007;13.2724868;;;Auto Metano Udine di Rosso Cristian & C S.A.S.
11906;Q8;46.4148157;12.9313779;;;Servizi & Gestioni Italia S.R.L.
9824;;45.9566115;12.8357172;;;M. &. G. di Moretto C. e Gava D. S.N.C.
;Total;45.8509795;12.6295910;;;Total
11775;Shell;45.9507170;12.6647690;;;Servizi & Gestioni Italia S.R.L.
11776;Q8 Easy;45.9691252;12.6723955;;;Servizi & Gestioni Italia S.R.L.
30161;Q8;45.9390190;12.6506280;;;Dinicola Fabrizio
7261;Q8 Easy;45.9643929;12.6728282;;;Servizi & Gestioni Italia S.R.L.
11773;Q8 Easy;45.9661302;12.6399320;;;Servizi & Gestioni Italia S.R.L.
29551;Shell;45.9476440;12.6831790;;;Zanetti S.N.C. di Zanetti Nicola e C.
24883;SMP;45.9386935;12.4973751;;;Sanson Alessandro
11774;Q8;46.1066786;12.8996309;;;Servizi & Gestioni Italia S.R.L.
30014;Tamoil;45.9723160;12.6821280;;;De Carlo Carlo di De Carlo Vania & C. S.N.C.
37731;Tamoil;45.9687840;12.6154430;;;T.D.M. S.R.L.
34369;Esso;45.9749276;12.6505677;;;Tesolin Fabio
26623;IP;45.8065170;13.3562370;;;Dijust Salvore
31589;Tamoil;46.1881286;13.1161660;;;Nuova Sidap S.R.L.
40623;Eni;46.0630959;13.2273044;;;Filling Station Motel S.R.L.
35407;LORO;46.0683449;12.5865581;;;Reva Srl
21045;IP;46.0938289;12.5957715;;;Ule' De Riva di Mellina-Gottardo Sara
19502;Agip;46.0380017;12.6143167;;;Gi.Mi S.N.C. di Dall'Acqua Giancarlo & C.
24870;Agip;46.0518580;12.6023430;;;Querenghi Antonio
9001;Q8;46.0630539;12.5977319;;;Servizi & Gestioni Italia S.R.L.
25419;Esso;45.9507620;12.6615720;;;Gazzola Mario
5225;SMP;45.9316700;12.6575380;;;San Marco Petroli Distribuzione S.R.L.
44585;IP;46.0147220;13.1089240;;;
39463;;45.9615862;12.7047137;;;Tumiotto Francesco & C. S.N.C.
5681;Api;45.9785123;12.6934686;;;Della Zotta Giancarlo
35107;TotalErg;46.2680481;13.1190521;;;Be.Oil di Fabbro Edoardo & C. S.A.S.
13020;;46.1146394;12.9575587;;;Bezzutti Paolo
33105;Esso;46.0680120;13.2444420;;;Formaggio Fulvio
5239;San Marco Petroli;45.9045818;13.2463972;;;
9179;Fly;46.0926934;13.0730984;;;Lb di Lauzzana Rita
39519;Esso;45.9387000;13.1205500;;;Plus Service di De Paoli Marco & C. S.N.C.
24421;KV;46.1181509;13.2173907;;;Vanello Eugenio & Figli S.P.A
35355;Esso;46.0165821;13.2569841;;;Rigotto Nerio
32403;IP;45.9403191;13.0784234;;;Blason Luca & C. S.A.S.
18569;Metano;45.9742819;12.6296701;;;Medunagas - S.R.L.
4344;Agip;45.9867851;12.6878277;;;Peron Massimo
48108;Agip;46.0733050;13.2677610;;;Auto Metano Udine di Rosso Cristian & C S.A.S.
9338;Petrol;45.9674240;12.9703690;;;Armani Marta
26668;Esso;45.9698940;13.0010620;;;Uliana Mariano
40199;Agip;45.9681560;12.5173940;;;Altoe' Enrico & C. S.N.C.
;Agip;45.9100565;12.5182616;;;Agip
24965;Esso;45.9518746;12.4892959;;;Pignat Guido Eredi S.N.C. di Pignat Guido e C.
36231;Costantin;45.9599282;12.5096573;;;Costantin Distribuzione e Servizi Srl
25395;Total;45.9922949;12.5450867;;;Eredi Della Gaspera Graziano S.N.C. di Della Gaspera Beatrice & C.
13681;Agip;45.9777330;12.5748810;;;Fontanagomme di Del Ben Cristian & Carpene' Marinella S.N.C.
6347;Agip;45.9865070;12.5880560;;;Car Gold S.A.S. di Bravin Giuliano & C.
50747;DA.LE.;45.6152860;13.7908860;;;Eni Fuel S.P.A.
40869;Agip;45.9636925;12.6509826;;;La Perla S.N.C. di Mohammad Sajjad & C.
21065;Agip;45.9222570;12.6374580;;;Hoxha Bledar
24974;IP;45.9640212;12.6494279;;;Masutti Stefano
25039;IP;45.8708578;12.5633743;;;
27995;IP;45.8114000;13.0052800;;;De Paoli Silvio & C. S.N.C.
49016;IP;46.0084830;13.4367940;;;V&C Carburanti S.N.C. di Mahmood Asad & C.
39713;Total;45.9903730;12.8658910;;;Colledan Carlo e Soci S.N.C.
7269;Q8 Easy;46.4203023;13.0210435;;;Servizi & Gestioni Italia S.R.L.
29516;SMP;46.3895909;13.0260795;;;Smp Tolmezzo
33192;Agip;46.4010866;13.0223111;;;Carboil S.A.S. di Romanini Ivan & C.
40931;Tamoil;46.4171650;12.7900390;;;Martinis Maria Dora
4595;Agip;46.4155380;12.9280110;;;Gesticarb S.N.C. di Lucchini Gian Pietro e Luca Sonia
44817;IP;45.8162259;13.5113628;;;M 2 S.A.S. di Savino Aldrigo & C.
18571;Esso;45.8138160;13.5131410;;;Stazione di Servizio Esso F.lli Mininel di Mininel Andrea e C. S.N.C.
53483;Eni;45.8112130;13.5217240;;;Eni
29775;Agip;45.9428001;13.6230662;;;Diana Massimiliano
48406;IP;45.9365570;13.5845520;;;M 2 S.A.S. di Savino Aldrigo & C.
47015;Esso;45.9250087;13.6128494;;;Geff S.R.L.
23873;Q8;45.6816568;13.4170650;;;Servizi & Gestioni Italia S.R.L.
30744;IP;45.9044448;13.5371576;;;Ip Services S.R.L.
43179;Esso;45.8835512;13.3084982;;;A.T.G S.A.S.di Marinig Andrea & C.
51813;Q8;46.0080400;13.1214500;;;Q8
37479;Eni;45.9500769;13.0510956;;;Pasutti Marco
47011;IP;45.9423551;13.0591413;;;Geff S.R.L.
50899;Agip;46.0248633;13.1684443;;;fratelli Rinaldi S.N.C. di Matteo e Paolo Rinaldi
45229;IP;46.0355190;13.1526730;;;Geff S.R.L.
46269;gdp;45.8143277;13.3400109;;;Gdp S.R.L.- Cervignano Del F.
17552;Esso;46.0908191;13.4158393;;;Superfast Esso di Roiatti Roberto & C. S.A.S.
31614;Agip;46.0826080;13.3927630;;;Servizi Innovativi Nord Est S.R.L.
41156;Agip;46.0923845;13.4202953;;;Costaperaria Monica
9575;Tamoil;45.9652460;12.9644680;;;Tigi S.A.S. di Tribos Giovanni & C.
13689;Eni;45.9459880;12.9767420;;;Pituello Stefano
10819;Agip;45.9615074;12.9890621;;;Fratelli Sambucco S.N.C.
45247;IP;45.9649180;12.9548340;;;Geff S.R.L.
45405;Eni;46.1625490;13.1331470;;;Servizi Innovativi Nord Est S.R.L.
36416;Sarni Oil;46.1857730;13.1193710;;;Sarni S.R.L.
46034;IP;46.5150276;12.8657683;;;G.T S.N.C. di Reputin Vittorio e Bellondi Gianmaria
53525;IP;46.1497874;13.3440433;;;Cg Service di Cattarossi Gianluca
3981;Esso;46.0971470;13.0908110;;;Lizzi & C. S.A.S. di Bertuzzi Graziella
23426;Esso;46.1095345;13.0901780;;;Lizzi & C. S.A.S. di Bertuzzi Graziella
17693;Tamoil;45.7933862;13.4060263;;;C.M. S.N.C. di Cosolo Giorgio & C.
11271;COSTANTIN;46.5837750;12.7817560;;;Enertop S.R.L.
52652;Esso;46.2687113;13.1075760;;;Cossa Enzo
20487;Api;46.2594462;13.1022099;;;Mi.Xo. di Xotto Michele
39804;Sarni Oil;45.8817480;13.2594680;;;Sarni S.R.L.
41204;IP;45.9696650;13.1138670;;;Oberai Kapil
;IP;46.2301590;13.1655800;;;IP
27141;Agip;46.1850793;13.0624972;;;Franzin Marco
31170;IP;46.1858366;13.0591611;;;Ip Services S.R.L.
36400;Esso;46.4986793;13.3767055;;;Nuova Sidap S.R.L.
49549;Eni;45.9905070;13.3653190;;;Eni Fuel S.P.A.
5238;SMP;45.9889264;13.3972899;;;Smp Manzano
21007;Agip;46.0145705;13.3879856;;;Autofficina di Chiappo Fausto
26817;Agip;45.7663296;13.1679058;;;C.M. di Formentin Italo & C. S.N.C.
45255;IP;46.0825260;13.1737550;;;Kaur Amandeep
;IP;45.8215580;13.1344500;;;
16077;IP;46.2006007;13.2642323;;;Migueletto Raul Guillermo
45262;IP;46.0519398;13.0500299;;;Geff S.R.L.
31152;Retitalia;45.9444730;13.1770170;;;Gattesco f.lli di Gattesco Ferruccio e Fiorenzo S.N.C.
37779;Esso;46.2102200;13.1027200;;;Kan S.A.S. di Franco Nicola & C.
43101;Total;46.4872916;12.8647991;;;Cimenti Cristian
39053;SM;46.4788771;12.8677096;;;San Marco Petroli Distribuzione S.R.L.
;IP;46.4883737;12.8649368;;;IP
;IP;46.5280265;13.0149382;;;IP
25828;IP;46.0001630;13.2741670;;;Ip Services S.R.L.
25885;Agip;45.8413420;13.0970550;;;Zanini Milvia
16933;Total;46.5007150;13.3016832;;;Agnola Mario
23802;;45.8479490;13.2128620;;;Stazione di Servizio di Tavaris Stefano
30690;Q8;46.0969240;13.2886930;;;Duegi S.A.S. di Gattesco Luca e C.
52240;Agip;46.1539002;13.2912666;;;Carrozzeria La Motta di Pecile Maurizio
17626;Agip;46.0092430;13.2533310;;;Moschione Loris
40343;;46.0147418;13.2184125;;;Sarni S.R.L.
17483;IP;46.0015368;13.2066810;;;
40344;Sarni Oil;46.0157300;13.2190373;;;Sarni S.R.L.
49248;;46.0331350;13.3017180;;;Sachdeva Ashok
49018;IP;46.0586332;13.3828228;;;V & C Carburanti S.N.C.
7433;IP;46.1632922;13.2562847;;;Fioritto Luciano
5077;SM Petroli;46.0787940;13.3012190;;;Bieffe di Policella Roberto & C. S.N.C.
50781;Esso;46.3949900;13.2152760;;;01959 Esso - Resiutta
47037;IP;46.5489890;12.8543690;;;Geff S.R.L.
;IP;45.8803220;13.0478630;;;IP
15517;IP;45.8277200;13.4012111;;;Singh Gurdial
27646;Q8;45.8276793;13.2384890;;;Ylli Service S.N.C. di Hasramaj Ylli e C.
24846;Esso;45.9734988;13.3961129;;;B & T S.N.C. di Bonessi M. & C.
49277;Esso;45.9838539;13.4054733;;;Set Società a Responsabilità Limitata
25701;IP;45.9310661;13.2790458;;;Spangaro Stefano e C. S.A.S.
14643;Agip;46.0268256;12.9372198;;;Da Angela di Fabris Giacomino & C. - S.A.S.
22903;Tamoil;45.9973340;12.9681160;;;Porfido S.N.C. di Porfido Claudio & C.
52015;Agip;46.2060920;13.1883470;;;Astolfi Marco
39125;Agip;46.5062280;13.5652510;;;Collini Mauro
40572;Esso;46.5055053;13.5693900;;;Autostazione Rifornimenti S.N.C. di Del Ross Alberto & C.
50900;Esso;46.1046301;13.2294887;;;F.Lli Rinaldi S.N.C.di Matteo e Paolo Rinaldi
25044;SMP;46.1001642;13.2220638;;;San Marco Petroli Distribuzione S.R.L.
46396;Esso;46.4030844;13.0188014;;;Mb.Service di Mella Nicola e Bearzi Michele S.N.C.
39261;Esso;45.8286814;13.2809270;;;Gasoline S.A.S. di Maccagnan Gian Luca & C.
7000;TotalErg;46.1887850;13.1585310;;;Agrofriul S.R.L.
47009;IP;46.1500269;13.2200370;;;Virk Petrolio di Waseem Hayat
21028;Esso;46.1600694;13.2107919;;;Sostero fratelli S.N.C. di Sostero Marco & Massimo
10570;IP;46.5273540;13.1192850;;;Matiz Alberto
41312;Agip;46.2812707;13.0806717;;;Be.Oil di Fabbro Edoardo & C. S.A.S.
37480;;45.9036873;13.1818526;;;
18967;IP;45.8193190;13.4762330;;;Schiavini Giorgio & Roberto S.N.C.
6807;Total;45.9442569;12.8356969;;;Marinacci Renato
48516;Esso;45.7712330;13.6371781;;;
17950;Prealpi;45.9265430;12.5520090;;;Prealpi S.R.L.
22355;Q8;45.8942165;12.5564490;;;Servizi & Gestioni Italia S.R.L.
25383;Esso;46.0392210;12.8350780;;;Fratelli Cristofoli di Cristofoli Rinaldo & C. S.N.C.
9985;Esso;45.9529400;12.7946310;;;Forte Maurizio e Bozzetto Raul S.N.C.
20182;IP;45.9791600;12.8011970;;;Sellan Pietro
;IP;46.2848260;12.7958050;;;IP
6370;Api;46.0489079;12.6580690;;;Martinel Franco
22509;Agip;46.0339648;12.6764359;;;Z.M. Service Snc di Zanusso Alessandro e C.
38628;Esso;45.9814474;12.6457034;;;La Perla S.N.C. di Iqbal Farzana & C.
14191;IP;46.0961774;12.6807068;;;F.lli Corba S.A.S. di Corba Massimo e Stefano
13485;IP;45.9636840;12.4336910;;;Santin Aldo
22709;IP;46.1159020;12.8991611;;;Distributore Mamusa di Cominotto Giovanni e C. Snc
8688;Agip;46.0406755;12.5418313;;;Ema.Tom di Quaia Elio e C. S.A.S.
4763;Total;45.8940617;12.6958563;;;Carrozzeria Azzanese-Società in Nome Collettivo di Maggiolo e C
18565;Esso;45.8391640;12.7231614;;;Bressan Edi & Enzo S.N.C.
25021;;45.8501295;12.6276624;;;Populin Alfio Franco Massimo
22362;Agip;46.2171130;12.7843069;;;Autoservice di Sandra Zatti & C. S.N.C.
40287;Esso;46.1594723;12.7085605;;;F.lli Pontello Srl
36522;IP;46.0205310;12.6210810;;;Singh Sukhjinder
33588;IP;46.0101237;12.6246698;;;Ip Services S.R.L.
4789;Agip;46.0409362;12.5092207;;;Donadel Orfeo Valentino
30481;Eni;45.8418321;12.8124552;;;Som S.P.A.
37269;Esso;45.9380570;13.6027910;;;Lovisini Fulvio
47014;Esso;45.9341470;13.6035740;;;Geff S.R.L.
20739;Agip;45.9418170;12.6176260;;;Agip Alla Crose - Rotundo Giorgio
34562;IP;45.9557300;12.8141360;;;S.I.A. Engineering Construction S.R.L.
;Agip;45.9408850;12.5948490;;;Agip
24034;SMP;46.1596847;12.7079370;;;San Marco Petroli Distribuzione S.R.L.
13109;Agip;45.8985020;12.5768410;;;Bertolo Mauro & C. S.N.C.
14504;Agip;46.0165010;12.5142850;;;Menegoz Alessandro
15502;IP;45.6959140;13.0688270;;;Aprilia Marittima 2000 S.p.A.
38392;Costantin;45.9841107;12.6434827;;;Commercio Petroli S.R.L.
36921;Distributore ESSO;46.2358745;13.0750952;;;Be.Oil di Fabbro Edoardo & C. S.A.S.
51155;IP;46.0970422;13.1974741;;;Virk Petrolio di Waseem Hayat
30039;OIL;45.8177495;13.4377002;;;Azzalini Mario & C. - S.A.S.
11607;Q8 Easy;45.8303280;13.5003754;;;
24264;Tamoil;45.9355997;13.6003351;;;Der-W di Rizzi Manuel
35273;;46.0296771;13.2843260;;;Auto Metano Udine di Rosso Cristian & C. S.A.S.
22912;;46.0819070;13.4240359;;;Fantini Giuseppe
;Api - nautico;45.6997821;13.1443096;;;
9342;Oil Italia;45.7512863;13.6690189;;;Viola Ettore
29654;KV;45.8795934;13.4653178;;;Vanello Eugenio & Figli S.P.A
28866;Eni;45.9019553;13.2576266;;;
10355;Eni Station;46.1092319;12.8885239;;;
19082;Erg;46.1324621;12.8687331;;;Zanet Marietto & C. S.N.C.
13037;;46.1153888;13.5053418;;;Terlicher Antonio & C. S.N.C.
18877;Eni;45.8017151;13.5494263;;;Bidut Roberto - Impianto Agip Monfalcone
35566;Esso;46.2405648;13.0933806;;;Esso - Via Lavio
13665;IP;46.3683142;13.0392150;;;Distributore Ip Billiani Lilia
35393;Costantin;45.9677192;12.6236270;;;Commercio Petroli S.R.L.
43804;;45.9430704;13.1004506;;;Kumar Sanjeev & Tirath Ram S.N.C.
29947;Esso;46.0517186;12.6031570;;;Omen di Costabile Enzo & C. S.A.S.
36989;IP;45.9770955;13.1983666;;;
5036;Termoveneta;45.9909894;12.6168842;;;Termoveneta S.R.L.
21544;Delle Vedove;45.9503343;12.6957369;;;Val.Gre.Ca. S.R.L.
9834;Esso;46.1606724;13.0032206;;;Fioretto Mario
36502;IP;46.0302138;13.1028162;;;
25563;;45.9623945;12.7679981;;;D'Ales Giovan Battista
26568;Oil Italia;46.3629018;13.1354547;;;Oil Italia S.R.L.
34054;Eni;45.8961524;13.4110052;;;
44945;Esso;45.9541103;13.3949501;;;Set Società a Responsabilità Limitata
44488;;46.0860227;13.3628876;;;Casella Lucia
10567;Agip;46.2125925;13.2127712;;;Astolfi Marco
50718;Esso;46.1441190;12.9788230;;;Geff S.R.L.
49322;Esso;46.0607119;13.3111516;;;Censani Fabrizio
13865;;46.1581040;13.2437564;;;Tiemme Service S.A.S. di Tribos Daniele Sebastiano & C.
34171;Sia Fuel;45.6794586;13.3967913;;;S.I.A. Engineering Construction S.R.L.
48121;Repsol;46.0160541;13.2573201;;;Tiemme Service S.A.S. di Tribos Daniele Sebastiano & C.
52852;IP;45.9357748;13.1754332;;;
49270;Eni;45.8378802;13.2114657;;;Eni Station
11892;Shell Aico Uno S.r.l.;45.6994512;13.8299716;;;Servizi & Gestioni Italia S.R.L.
8684;Eni;45.9600500;12.5121000;;;
11771;Shell;45.9595120;12.5024471;;;Servizi & Gestioni Italia S.R.L.
38395;;45.6973144;13.1428156;;;A.F. Petroli S.p.A.
14798;Esso;46.4162521;12.9191631;;;Centro Auto di Polonia Valerio
;Tamoil;46.0863100;12.6526404;;;Tamoil
9737;Esso;45.6253684;13.7953265;;;Riva Stefano
;IP;45.8888564;13.4455099;;;M 2 S.A.S. di Savino Aldrigo & C.
11076;;46.1048317;13.0935962;;;Stazione Eni di Mazza Giovanni
36300;;45.9439217;12.4625026;;;Cima Servizi S.R.L.
;;45.6498158;13.0929175;;;
37517;Api-Ip;46.4174600;12.5847248;;;D'Andrea Stefano
39070;Repsol;46.0989350;12.8540039;;;Matcu Diana
31382;;46.1035320;12.7501877;;;Som S.P.A.
33926;;45.9895436;13.0627012;;;S.I.A. Engineering Construction S.R.L.
7283;Q8;45.8223266;13.2149654;;;Servizi & Gestioni Italia S.R.L.
40564;;46.1824247;12.8776565;;;Zanet Marietto & C. S.N.C.
36503;;46.0853205;13.0299877;;;Singh Nirmal
50810;;46.0990686;13.1048508;;;Set Società a Responsabilità Limitata
30719;;46.1007380;13.1728220;;;Singh Kulvir
51577;;46.0239505;13.1923243;;;Kumar Rajinder
27651;IP;45.8893323;13.0354500;;;Degano Cesare
35710;;45.9320726;13.1464827;;;Coppino Mattia
28207;Tiemme Service;45.8920752;13.3780593;;;Tiemme Service S.A.S.
37243;Tamoil;45.9659678;12.9448731;;;Snaidero Loris
38130;Eni;45.9746479;13.3234364;;;Auto Metano Udine di Rosso Cristian & C. S.A.S.
31262;Kerotris Duino Nord;45.7774757;13.6078362;;;Duino Nord S.A.S.
3898;Kerotris Duino Sud;45.7765368;13.6084302;;;Duino Sud Petroli S.A.S. di Zorzin Silvana & C.
41030;;46.2246863;13.0109245;;;Vr Group di Vincenti Christian
33487;;46.4034439;12.8238704;;;Bar Alla Posta di Pacelli Giovanni
29740;;45.9668497;12.9684758;;;Big S.R.L.
29375;;46.0169651;12.6506195;;;Querenghi S.N.C. di Querenghi Antonio & Federico
27777;;45.9420909;12.5956306;;;Pignat Manuele
26173;;45.9729703;12.6136243;;;S.G.S. S.R.L.
22639;;46.0576759;12.6004949;;;Posocco Angelo
22076;;45.8910720;12.6960963;;;Conad Grigoletti S.R.L.
16868;IP;45.6821055;13.4053797;;;S.G. di Salmeri Dario & C. S.A.S.
42415;;45.8028100;13.2276200;;;Cantieri Marina San Giorgio S.p.A.
52387;IP;46.0088700;13.3308100;;;Fuel Service S.A.S. di Valenti Mario & C.
47169;Stazione di servizio GNP - Monfalcone;45.7922625;13.5601720;;;Gruppo Nord Petroli S.R.L.
47902;Oil Italia;46.5265771;13.0127002;;;Oil Italia S.R.L. Oil Italia Gmbh
46566;;45.9240300;12.9430100;;;Zanchetta Pietro
45355;IP;45.8892316;13.3092598;;;Geff S.R.L.
;Eni;45.8739909;13.0001464;;;
;Stazione di servizio GNP - Fontanafredda;45.9718900;12.5580812;;;
;Stazione di servizio GNP - Pordenone;45.9693053;12.6306947;;;Gruppo Nord Petroli S.R.L.
45333;Agip;46.4054953;13.2960821;;;Geff S.R.L.
9917;IP;46.0705516;13.1966348;;;Stazione di Servizio Ip di Bacinello Alfio e Mauro S.N.C.
52227;;45.8824578;13.2582772;;;Eni Fuel S.P.A.
53727;Esso Sgonico;45.7185651;13.7299462;;;Alfamax S.a.s. di Ghiretti Andrea & Zorzin F.
;Eni;45.9648155;13.1923122;;;
38527;Tamoil;46.3984188;13.1671584;;;Sarni S.R.L.
9002;Presani Marco;46.1000861;13.4423999;;;Servizi & Gestioni Italia S.R.L.
53643;;46.1535669;13.2186863;;;Impianto Ip Tricesimo - Fuel Service S.A.S.
;Eni;45.9599951;12.5121236;;;Celotto Alejandra & C. S.A.S.
;;45.9705740;12.9884186;;;
36519;ENI;45.9968815;12.6315413;;;Cki.Ara S.N.C. di Mazzon Maurizio
34172;Drusian;45.8881689;13.3536673;;;S.I.A. Engineering Construction S.R.L.
38706;Agip;45.8773018;13.3485401;;;Cescutti Daniela
14213;Eni;46.2871495;13.1223732;;;Zamolo S.A.S. di Zamolo Giulio & C.
38728;Q8;46.0158648;13.2694275;;;Fabro Michele
28291;Tamoil;45.6379173;13.8149834;;;
13942;Esso;45.6383374;13.8156217;;;De Cleva e Bernardini di De Cleva Paolo & C. S.A.S.
44256;Esso;45.8401705;13.4884509;;;D.P.2 S.R.L.
16980;AdriaEnergy;45.7086891;13.7443018;;;Adriaenergy S.R.L.
51341;Esso Trieste;45.6400267;13.7889179;;;Mian S.N.C.di Davide e Francesco Mian
9038;Eni;46.3267802;13.1341130;;;Di Bernardo Delia & Alba S.N.C.
15693;;46.1791827;13.0437591;;;Venier S.N.C. di Venier Sonia & C.
15835;IP;45.9062284;12.8654772;;;Gazziola Celio Diego
7262;Q8;45.9313921;12.8714185;;;Servizi & Gestioni Italia S.R.L.
18022;Eni;45.9247991;12.8737666;;;Luchin Alvario
21140;IP;45.8976349;12.8230069;;;Falconi Annalisa
28059;Esso;45.8063839;13.3907479;;;A. & B. S.A.S. di Alvaro Alessandro & C.
45246;Agip;45.8342107;13.1939418;;;Geff S.R.L.
26319;;46.2700321;12.3447215;;;Eugas S.R.L.
25825;IP;45.9498241;12.8821507;;;Ip Services S.R.L.
11772;Q8;45.9178119;12.8661410;;;Servizi & Gestioni Italia S.R.L.
21505;IP;46.0457107;12.8667227;;;Collaviti Gabriele
22248;Eni;45.8595076;12.9280675;;;Pilosio Silvio
34493;Eni;45.8502914;12.8819719;;;
53345;Eni;45.8951665;13.3092124;;;Eni Palmanova
12660;Agip;45.8781722;12.7792418;;;Sottil Giovanni
6023;Tamoil;45.8609664;12.7687538;;;Fiorenergy S.R.L.
31772;Agip;45.8087642;12.6786893;;;Kiryeyev Sergiy
12047;;45.8669511;12.6243041;;;Cima Servizi S.R.L.
14088;IP;45.8996476;12.6717624;;;Officina Callegher di Callegher Ivan & C. S.N.C.
;Conad;45.8910839;12.6960176;;;Conad
17515;Tamoil;45.8658062;12.7337345;;;Porricelli Emilio
34231;;45.8847589;12.7096988;;;San Marco Petroli Distribuzione S.R.L.
4560;Agip;45.8804331;12.7201789;;;Donadel Carburanti di Donadel Ermanno & C. S.N.C.
;Esso;45.8802045;12.7167579;;;Esso
;Q8;45.9202400;12.7741846;;;
28424;Esso;45.8991097;12.7330515;;;Del Col S.R.L.
26161;;45.9297759;12.7347170;;;Autolavaggi B.M. di Borean Tiberio & C. S.N.C.
34196;ENI;45.9259648;12.7076009;;;S.A. S.N.C. di Montico Sandro & C.
32118;;45.9260305;12.7086022;;;Mema Xhevahir
50653;Stazione di servizio ESSO Riva Gabriele;45.7200848;13.7214831;;;Riva Gabriele
29278;IP matic;45.8610524;13.4829701;;;Ip Services S.R.L.
13195;Benzina-Stazione di servizio;45.8881576;12.5530521;;;Bertolo S.A.S. di Bertolo Nello & C.
33531;;46.0460769;13.1962535;;;Rodaro Enzo & C. S.N.C.
38686;IP;46.0551944;13.2346646;;;Rafikul Islam
37002;;46.1220861;13.1887596;;;Tiemme Service S.A.S. di Tribos Daniele Sebastiano & C.
39865;Agip Eni;46.5062992;13.4326378;;;Sabotha Bruna
35330;;46.1000980;13.2062988;;;Stazione Eni di Mazza Giovanni
;Eni;45.9555204;12.4945187;;;Eni
39170;Eni;45.7739387;13.0027119;;;
;A.F. Petroli;45.9522490;12.6991919;;;
36232;Stazione di servizio Costantin;45.9485076;12.7452559;;;Costantin Distribuzione e Servizi Srl
4490;Noal Oil;45.9496893;12.7526472;;;Noaloil S.p.A.
;Conad;45.9729883;12.6160589;;;Conad
34264;IP;45.7600752;13.1656390;;;A.F. Petroli S.p.A.
40858;IP;46.0546117;13.2311691;;;Stazione di Servizio Fp di Fabrizio Pellizzari
38811;Agip;46.0566485;13.2288645;;;Poci Hekuran
50136;Conad;46.0826620;13.1783924;;;Spazio Conad Martignacco
5023;Termoveneta;45.9751705;12.4858614;;;Termoveneta S.R.L.
48159;Q8;45.8028471;13.4849344;;;Servizi & Gestioni Italia S.R.L.
23443;Q8 Easy;46.0941596;13.2250342;;;Servizi & Gestioni Italia S.R.L.
45658;Trivengas;45.9149642;13.4677904;;;Ricciardi Giovanni
14695;Tamoil;46.5110311;13.0021835;;;Moro Miria
;Eni;45.9720682;12.6426858;;;Fratelli Favaro S.N.C. di Favaro Claudio e Favaro Marco
42082;IP;45.9684435;12.5432526;;;Felequi -Gas SRL
47777;TotalErg;45.6178992;13.8150263;;;Meva Società a Responsabilità Limitata Semplificata
39462;J & J Service;45.6580271;13.7946352;;;Pitacco Ermanno
46821;Tamoil;45.6553657;13.7762410;;;T.D.M. S.R.L.
19841;;46.0906851;13.2145039;;;Mauro Andrea e Zuttion Catia S.N.C.
50655;Gasfin;45.6392360;13.7737864;;;Magamaste S.N.C. di Stefano Riva & C.
25027;IP;46.0859271;13.2169778;;;Pallini Maurizio
7366;Shell;46.1049231;13.2617815;;;fratelli Giliberti S.N.C. di Giliberti Luca & Tiziano
32420;IP;46.1072198;13.2647922;;;Aurora S.N.C. di Shahu Renato & C.
53617;IP;46.0806061;13.2077095;;;
6856;Q8;46.0595279;13.2200005;;;Sclippa Lino
41666;Agip;45.6271067;13.7942276;;;Da.Le. S.A.S. di David Viola & C.
37930;IP;45.6267440;13.7949148;;;Full Gas di Marco Massarotti
26099;Esso;45.6115992;13.8193811;;;Grs di Samuel Chiaruttini & C. S.A.S.
51967;Azzalini energie;45.6056755;13.8075232;;;Azzalini energie
11891;Servizi & Gestioni Italia S.R.L.;45.6382831;13.7653400;;;Servizi & Gestioni Italia S.R.L.
38733;Eni;45.6285979;13.7815055;;;Radin Davide
4803;Eni;46.1636778;12.7941761;;;Da Prat Antonio
13872;Tamoil;46.0367069;13.2462681;;;Tiemme Service S.A.S. di Tribos Daniele Sebastiano & C.
45703;IP;46.0334327;13.2459915;;;Kumar Mohit
38336;Esso;46.0641688;13.2125243;;;Gasoline di Andrea De Benedetti
49701;Eni;46.0875239;13.2331853;;;P.R.M. S.N.C. di Buffa Paolo & C.
47089;Tamoil Stazione di servizio 6234;45.6862770;13.7476441;;;T.D.M. S.r.l.
35586;IP;45.7994490;13.5277140;;;Ip Services S.R.L.
38618;Area Eni;45.6648569;13.7675452;;;Zol Franco - Carburanti
25830;IP;46.0739356;13.2025289;;;Ip Services S.R.L.
19094;Esso;46.0741675;13.2042946;;;Grattoni Nicola & C. S.A.S.
33288;Eni;46.0557960;13.2013045;;;Gestioni Innovative Italia S.R.L.
40503;IP;46.0736575;13.2218124;;;Singh Jasbir
39018;IP;46.1366362;13.2221614;;;Ghulam Kharian di Ahmed Waqas S.A.S.
8854;Agip;46.1398348;13.2216678;;;Polli Cristian
11894;Q8;45.6556111;13.8040375;;;Servizi & Gestioni Italia S.R.L.
40794;;45.9567014;12.8211571;;;Cst Service di Casotto Mauro & C. Snc
48573;Q8 Easy;46.1165616;13.2239162;;;Servizi & Gestioni Italia S.R.L.
;IP;45.8437988;13.3263634;;;
36240;Esso;45.6894528;13.1329390;;;Galasso Giorgio
41120;IP;45.6837001;13.1195382;;;
38629;GIT Fuel Service;45.6129507;13.8256064;;;GIT Fuel Service S.r.l.
11914;Q8;46.0375611;13.2468934;;;Servizi & Gestioni Italia S.R.L.
15815;IP;46.0521830;13.2382950;;;Covacich Luciano S.N.C. di Covacich L. & C.
52438;Tamoil;46.0283439;13.2588105;;;6979
43098;Eni;46.0505784;13.2478580;;;Auto Metano Udine di Rosso Cristian & C S.A.S.
10954;Esso;46.0491787;13.2484968;;;Bn di Bressan Gianni & C. S.A.S.
11910;Q8 easy;46.0534121;13.2464693;;;Servizi & Gestioni Italia S.R.L.
6987;IP;46.0396718;13.2529196;;;Jetrent S.R.L.
;;45.9223336;12.6376179;;;
53341;IP;45.6393200;13.7603681;;;Geff S.r.l.
9331;Self Area 4004;45.6185557;13.8185004;;;Self Area 4004 di Riccobon Mauro
50445;Eni;46.0728368;13.2138243;;;Poci Kloris
11329;Macorigh;46.0917787;13.2224475;;;
35394;Costantin;46.0220272;13.2397237;;;Commercio Petroli S.R.L.
31331;IP;45.8018928;13.5461242;;;Ip Services S.R.L.
16463;Eni;46.0594653;13.2486093;;;
43385;IP;46.0711482;13.2278379;;;Q8 Udine - Via Martignacco
11912;Q8 Easy;46.0753043;13.2264878;;;Servizi & Gestioni Italia S.R.L.
11609;Q8 Easy;45.8021895;13.5415789;;;Servizi & Gestioni Italia S.R.L.
25829;IP;46.0788874;13.2348679;;;Ip Services S.R.L.
11913;Q8;46.0752001;13.2387295;;;Servizi & Gestioni Italia S.R.L.
44979;Esso;46.0755782;13.2376272;;;Geff S.R.L.
50406;IP;46.0711080;13.2371566;;;Hassan Ali
48899;Eni;46.0420044;13.2214918;;;
;;46.5072347;13.5547403;;;
45161;Metano;46.0340387;13.2665014;;;Italmetano S.R.L.
4355;;46.0162153;13.1478214;;;Jetrent S.R.L.
40409;IP;46.1535976;13.2187083;;;Gaidaros di Bonopera Andrea
25602;Agip;46.5646680;12.6712321;;;4R di Quattrer Robert
45261;IP;46.1912720;12.5639359;;;GEFF S.R.L.
53066;Tamoil;45.7179069;13.0497980;;;T.D.M. S.R.L.
45387;San Marco Petroli;45.7596253;13.0301780;;;Smp Latisana
;IP;45.7885438;13.0134847;;;
;Q8 Easy;45.7711961;13.0235748;;;Servizi & Gestioni Italia S.R.L.
;IP;45.7221243;13.0485697;;;Scer S.N.C. di Beccaro Bellino & C.
;Esso;45.6716525;13.0911345;;;Galizio Giorgio & C. S.N.C. di Capelli Joel e Versolatto Simone
;Q8;45.7940051;13.0314788;;;Servizi & Gestioni Italia S.R.L.
;Eni;45.6734672;13.0883730;;;Torresan Massimo
;IP;45.8077355;13.0946664;;;Zu.Pe. S.N.C. di Zuliani Maurizio & C.
;Esso;45.7716743;12.9977893;;;
;;46.0732503;13.2677045;;;
13947;Lonza e Coglievina S.r.l.;45.6834538;13.7822883;;;Lonza & Coglievina Società a Responsabilità Limitata
36541;Eni;45.6816895;13.3869858;;;Marchesan S.A.S. di Marchesan Massimiliano e C.
;Eni;45.6900173;13.1397517;;;
38619;Eni;45.6691853;13.7644177;;;Zol Franco - Carburanti
;San Marco Petroli;45.7978738;12.9937511;;;San Marco Petroli Distribuzione S.R.L.
;;46.3726336;13.0648238;;;
;IP;45.7728203;12.9972406;;;
52765;2P Carburanti;46.0933297;13.2318825;;;2p Udine
;;46.0552073;13.2347811;;;
;;46.1000674;13.2064688;;;
22031;IP;45.8052916;13.0860529;;;Movio Fiorenzo
7293;Q8 Easy;46.0230701;13.2724298;;;Servizi & Gestioni Italia S.R.L.
;;45.8414330;13.0970626;;;
42794;IP;45.8915950;13.2514279;;;Savchuk Tetyana
;IP;45.7857566;13.3587407;;;
5226;Bogoni;45.8904840;12.5868095;;;
;Ghetti Andrea e Corrado Combustibili;45.9619090;12.9731999;;;
;;45.9442680;12.8356656;;;
;;45.9404397;13.0786805;;;
11908;Q8;45.6693113;13.0945649;;;Servizi & Gestioni Italia S.R.L.
;;45.8888657;13.4454827;;;
;;46.0432887;13.1925613;;;
26733;Eni;45.8296557;13.3315143;;;Veca S.A.S. di Caprioli Antonio & C.
ref:mise;Esso;45.8287806;13.3299504;;;Geff S.R.L.
;;46.1183074;13.2173890;;;
50952;;46.0645392;13.2120296;;;Favaro Giulio
